City_ID,City,Country,Lat,Lng,Max Temp,Humidity,Cloudiness,Wind Speed,Current Description
0,Masuguru,TZ,-11.3667,38.4167,71.69,99,100,3.74,light rain
1,Avarua,CK,-21.2078,-159.775,80.65,78,75,4.61,broken clouds
2,Saldanha,ZA,-33.0117,17.9442,65.53,88,96,13.96,overcast clouds
3,New Norfolk,AU,-42.7826,147.0587,63.75,57,99,4.72,overcast clouds
4,Kemijarvi,FI,66.7131,27.4306,-7.31,100,45,2.28,scattered clouds
5,Ribeira Grande,PT,38.5167,-28.7,61.3,88,100,15.64,overcast clouds
6,Rikitea,PF,-23.1203,-134.9692,79.32,69,1,18.16,light rain
7,Malinyi,TZ,-8.9333,36.1333,71.13,98,100,2.55,light rain
8,Cape Town,ZA,-33.9258,18.4232,70.09,78,100,4.0,overcast clouds
9,Jamestown,US,42.097,-79.2353,27.09,63,100,9.22,overcast clouds
10,Bambous Virieux,MU,-20.3428,57.7575,80.85,83,75,5.75,light intensity shower rain
11,Witbank,ZA,-25.8713,29.2332,59.95,49,16,3.71,few clouds
12,Punta Arenas,CL,-53.15,-70.9167,57.31,47,75,21.85,broken clouds
13,Bom Jesus Da Lapa,BR,-13.255,-43.4181,71.78,87,56,5.57,broken clouds
14,Garden City,US,42.3256,-83.331,22.89,62,100,11.5,overcast clouds
15,Rawson,AR,-43.3002,-65.1023,80.89,24,81,11.54,broken clouds
16,Albany,US,42.6001,-73.9662,39.07,63,50,1.99,scattered clouds
17,High Level,CA,58.5169,-117.136,5.11,85,100,14.97,snow
18,Shingu,JP,33.7333,135.9833,43.92,59,97,4.99,overcast clouds
19,Bluff,NZ,-46.6,168.3333,50.81,73,100,13.76,overcast clouds
20,Nanortalik,GL,60.1432,-45.2371,29.98,97,100,11.56,snow
21,Kodiak,US,57.79,-152.4072,40.51,60,0,8.05,clear sky
22,Susangerd,IR,31.5608,48.1831,57.34,58,10,4.18,clear sky
23,Hermanus,ZA,-34.4187,19.2345,68.9,81,100,3.65,overcast clouds
24,Mankachar,IN,25.5333,89.8667,60.1,68,0,5.17,clear sky
25,Ushuaia,AR,-54.8,-68.3,47.86,53,20,33.38,few clouds
26,Yellowknife,CA,62.456,-114.3525,-9.58,85,63,5.99,broken clouds
27,Radford,US,37.1318,-80.5764,56.48,52,75,6.91,broken clouds
28,Torbay,CA,47.6666,-52.7314,46.27,84,96,1.99,overcast clouds
29,Saint-Augustin,CA,51.226,-58.6502,33.03,98,100,16.55,light snow
30,Kavieng,PG,-2.5744,150.7967,81.23,77,100,3.47,light rain
31,Guerrero Negro,MX,27.9769,-114.0611,76.39,26,100,4.05,overcast clouds
32,Barrow,US,71.2906,-156.7887,-25.58,62,75,8.05,broken clouds
33,Hilo,US,19.7297,-155.09,80.33,64,0,5.99,clear sky
34,Khatanga,RU,71.9667,102.5,-18.62,87,60,3.13,broken clouds
35,Sao Joao Da Barra,BR,-21.6403,-41.0511,74.05,87,91,5.03,overcast clouds
36,Butaritari,KI,3.0707,172.7902,82.89,68,98,15.14,overcast clouds
37,Lumut,MY,4.2323,100.6298,75.54,90,41,5.97,scattered clouds
38,Norman Wells,CA,65.282,-126.8329,-6.48,89,99,0.85,overcast clouds
39,Severo-Kurilsk,RU,50.6789,156.125,20.1,76,43,3.47,scattered clouds
40,Vallenar,CL,-28.5708,-70.7581,78.62,34,0,7.99,clear sky
41,Vaini,TO,-21.2,-175.2,84.36,84,40,9.22,scattered clouds
42,Fortuna,US,40.5982,-124.1573,73.42,71,0,9.22,clear sky
43,Cidreira,BR,-30.1811,-50.2056,75.29,79,13,20.38,few clouds
44,Hobart,AU,-42.8794,147.3294,64.11,65,75,12.66,broken clouds
45,Sept-Iles,CA,50.2001,-66.3821,31.05,93,100,4.61,overcast clouds
46,Meulaboh,ID,4.1363,96.1285,77.2,85,96,3.67,overcast clouds
47,Mataura,NZ,-46.1927,168.8643,50.49,84,98,4.65,overcast clouds
48,Georgetown,MY,5.4112,100.3354,79.9,78,20,4.61,few clouds
49,Orlik,RU,52.5178,99.825,-26.79,99,89,2.15,overcast clouds
50,Iqaluit,CA,63.7506,-68.5145,-35.54,98,97,3.36,overcast clouds
51,Beyneu,KZ,45.3167,55.2,38.32,83,99,6.08,overcast clouds
52,San Cristobal,VE,7.7669,-72.225,75.38,44,92,4.65,overcast clouds
53,Ewo,CG,-0.8725,14.8206,80.2,63,68,4.97,broken clouds
54,Krasnoselkup,RU,65.7,82.4667,-8.09,90,5,11.79,clear sky
55,Viedma,AR,-40.8135,-62.9967,79.48,19,97,8.59,overcast clouds
56,Gat,IL,31.61,34.7642,50.92,100,0,3.67,clear sky
57,Saint-Philippe,RE,-21.3585,55.7679,78.35,80,33,10.89,scattered clouds
58,Carnarvon,AU,-24.8667,113.6333,80.67,69,40,5.75,scattered clouds
59,Zig,US,40.127,-92.7663,23.29,47,0,11.5,clear sky
60,Salalah,OM,17.0151,54.0924,75.29,64,75,4.61,broken clouds
61,Sulina,RO,45.1559,29.6536,38.08,69,10,9.98,clear sky
62,Kudahuvadhoo,MV,2.6708,72.8944,80.92,69,100,5.46,overcast clouds
63,Broken Hill,AU,-31.95,141.4333,79.41,32,13,14.85,few clouds
64,Upernavik,GL,72.7868,-56.1549,0.97,97,100,4.99,light snow
65,Singkang,MY,2.1006,102.7994,71.78,96,47,3.0,scattered clouds
66,Vila Velha,BR,-20.3297,-40.2925,75.15,93,75,3.44,broken clouds
67,Port Alfred,ZA,-33.5906,26.891,75.06,93,12,5.21,few clouds
68,Rugeley,GB,52.7593,-1.9369,47.17,90,100,18.97,overcast clouds
69,Mount Gambier,AU,-37.8333,140.7667,72.0,38,83,8.7,broken clouds
70,Puerto Madryn,AR,-42.7692,-65.0385,77.05,29,72,12.39,broken clouds
71,Peace River,CA,56.2501,-117.286,29.44,85,100,6.17,overcast clouds
72,Labytnangi,RU,66.6572,66.4183,-13.88,99,100,6.02,overcast clouds
73,Shakiso,ET,5.75,38.9167,59.32,36,36,3.56,scattered clouds
74,Constitucion,CL,-35.3333,-72.4167,68.7,58,1,5.44,clear sky
75,Roald,NO,62.5833,6.1333,44.74,70,100,11.5,light rain
76,Flinders,AU,-34.5833,150.8552,72.81,90,74,5.01,broken clouds
77,Myitkyina,MM,25.3833,97.4,51.17,92,3,2.42,clear sky
78,Chokurdakh,RU,70.6333,147.9167,-2.09,95,100,13.09,overcast clouds
79,Natchez,US,31.5604,-91.4032,53.04,52,75,19.57,broken clouds
80,Muravlenko,RU,63.7898,74.523,-11.22,97,16,11.83,few clouds
81,Shasta Lake,US,40.6804,-122.3708,76.82,20,0,2.01,clear sky
82,Nome,US,64.5011,-165.4064,3.27,43,40,8.05,scattered clouds
83,Port Lincoln,AU,-34.7333,135.8667,71.47,44,100,5.41,overcast clouds
84,Aklavik,CA,68.2191,-135.0107,-26.66,95,95,6.11,overcast clouds
85,Port Hardy,CA,50.6996,-127.4199,46.76,60,95,2.3,overcast clouds
86,Chuy,UY,-33.6971,-53.4616,68.25,95,98,9.19,overcast clouds
87,Busselton,AU,-33.65,115.3333,55.09,79,0,11.54,clear sky
88,Codrington,AU,-38.2667,141.9667,78.71,36,85,17.29,overcast clouds
89,Mareeba,AU,-17.0,145.4333,76.44,81,69,3.56,broken clouds
90,Lahij,YE,13.1667,44.5833,68.86,76,94,3.2,overcast clouds
91,Simav,TR,39.0882,28.9777,37.96,80,100,5.59,overcast clouds
92,Emerald,AU,-23.5333,148.1667,76.33,61,0,11.03,clear sky
93,Provideniya,RU,64.3833,-173.3,-7.98,83,11,4.72,few clouds
94,Banda Aceh,ID,5.5577,95.3222,77.31,84,39,10.27,scattered clouds
95,Littleton,US,39.6133,-105.0166,50.99,45,75,4.61,broken clouds
96,Portland,US,45.5234,-122.6762,66.61,30,0,16.11,clear sky
97,Mehamn,NO,71.0357,27.8492,27.7,73,92,21.59,light snow
98,Egvekinot,RU,66.3167,-179.1667,-18.83,88,18,7.4,few clouds
99,Faanui,PF,-16.4833,-151.75,81.12,74,97,13.8,light rain
100,Bredasdorp,ZA,-34.5322,20.0403,69.12,78,100,0.0,overcast clouds
101,Duayaw Nkwanta,GH,7.1724,-2.1028,74.39,69,81,3.18,broken clouds
102,Ponta Do Sol,PT,32.6667,-17.1,64.06,58,30,5.12,scattered clouds
103,San Rafael,AR,-34.6177,-68.3301,74.5,24,0,13.91,clear sky
104,Dikson,RU,73.5069,80.5464,-4.58,81,100,27.16,overcast clouds
105,Fare,PF,-16.7,-151.0167,81.5,72,97,13.4,overcast clouds
106,Castro,BR,-24.7911,-50.0119,69.19,68,45,2.24,scattered clouds
107,Zharkent,KZ,44.1628,80.0,27.41,91,98,5.06,overcast clouds
108,Geraldton,AU,-28.7667,114.6,66.61,82,3,9.22,clear sky
109,Tuktoyaktuk,CA,69.4541,-133.0374,-25.6,62,20,6.91,few clouds
110,Vardo,NO,70.3705,31.1107,26.91,64,8,16.28,clear sky
111,Lasem,ID,-6.6922,111.4527,76.41,89,100,4.72,light rain
112,East London,ZA,-33.0153,27.9116,75.79,91,1,8.41,clear sky
113,Nanakuli,US,21.3906,-158.1547,80.71,48,20,6.91,few clouds
114,Atuona,PF,-9.8,-139.0333,77.58,78,6,12.86,light rain
115,Katsuura,JP,35.1333,140.3,39.31,58,52,2.82,broken clouds
116,Westport,US,41.1415,-73.3579,55.44,45,0,10.0,clear sky
117,Yar-Sale,RU,66.8333,70.8333,-8.84,93,100,14.92,overcast clouds
118,Kavaratti,IN,10.5669,72.642,80.4,70,13,7.47,few clouds
119,Mahibadhoo,MV,3.7833,72.9667,80.47,75,100,2.89,overcast clouds
120,Aykhal,RU,66.0,111.5,-8.27,88,93,4.16,overcast clouds
121,Kruisfontein,ZA,-34.0033,24.7314,71.47,92,96,9.91,light rain
122,Itoman,JP,26.1247,127.6694,70.18,78,75,11.5,broken clouds
123,Polewali,ID,-3.4324,119.3435,74.17,89,100,2.37,light rain
124,Ahipara,NZ,-35.1667,173.1667,69.73,71,72,21.61,broken clouds
125,Poum,NC,-20.2333,164.0167,81.43,73,100,4.7,overcast clouds
126,Klaksvik,FO,62.2266,-6.589,40.12,85,92,2.33,overcast clouds
127,Cutler Ridge,US,25.5783,-80.3377,81.01,77,0,11.5,clear sky
128,Kaitangata,NZ,-46.2817,169.8464,53.92,85,100,10.67,overcast clouds
129,Camargo,MX,27.6667,-105.1667,62.22,22,0,17.38,clear sky
130,Arraial Do Cabo,BR,-22.9661,-42.0278,73.26,94,75,0.0,light intensity drizzle
131,Broome,US,42.2506,-75.833,36.18,68,100,11.5,overcast clouds
132,Lebu,CL,-37.6167,-73.65,64.9,69,23,11.3,few clouds
133,Mbour,SN,14.422,-16.9638,70.65,38,33,12.97,scattered clouds
134,Komarno,SK,47.7636,18.1226,35.26,70,2,7.7,clear sky
135,Wloclawek,PL,52.6482,19.0678,29.41,67,69,8.72,broken clouds
136,Nikolskoye,RU,59.7035,30.7861,36.72,97,100,12.03,light snow
137,Morondava,MG,-20.2833,44.2833,81.73,83,100,5.21,light rain
138,Tasiilaq,GL,65.6145,-37.6368,10.56,65,100,4.5,overcast clouds
139,Namie,JP,37.4833,141.0,36.77,82,99,5.12,overcast clouds
140,Puerto Ayora,EC,-0.7393,-90.3518,85.96,85,92,5.01,overcast clouds
141,Paita,PE,-5.0892,-81.1144,76.5,69,100,13.0,overcast clouds
142,Tiksi,RU,71.6872,128.8694,-8.25,89,93,14.0,overcast clouds
143,Catia La Mar,VE,10.6038,-67.0303,84.4,70,20,2.3,few clouds
144,Souillac,MU,-20.5167,57.5167,80.98,83,75,5.75,light intensity shower rain
145,Saint George,US,37.1041,-113.5841,70.27,10,0,5.75,clear sky
146,Victoria,HK,22.2855,114.1577,65.17,90,98,1.01,overcast clouds
147,Aguimes,ES,27.9054,-15.4461,62.65,72,20,15.01,few clouds
148,Hithadhoo,MV,-0.6,73.0833,80.98,71,100,11.68,overcast clouds
149,Senneterre,CA,48.3835,-77.2328,-9.18,87,100,7.47,overcast clouds
150,Warrington,GB,53.3925,-2.5802,48.88,93,75,10.36,broken clouds
151,Longyearbyen,SJ,78.2186,15.6401,8.44,78,0,9.22,clear sky
152,Bethel,US,41.3712,-73.414,52.16,49,0,8.99,clear sky
153,Okhotsk,RU,59.3833,143.3,-15.52,82,8,8.52,clear sky
154,Noyabrsk,RU,63.1994,75.4507,-10.21,97,17,13.31,few clouds
155,Mar Del Plata,AR,-38.0023,-57.5575,64.42,70,40,13.8,scattered clouds
156,Kapaa,US,22.0752,-159.319,78.48,72,75,6.91,broken clouds
157,Nhulunbuy,AU,-12.2333,136.7667,81.21,83,9,0.0,clear sky
158,Briancon,FR,44.9,6.65,30.51,91,100,2.51,overcast clouds
159,Pacific Grove,US,36.6177,-121.9166,85.59,29,0,4.61,clear sky
160,Kurumkan,RU,54.3,110.3,-22.86,94,72,3.4,broken clouds
161,Merauke,ID,-8.4667,140.3333,77.79,82,0,10.96,clear sky
162,Corpus Christi,US,27.8006,-97.3964,63.0,54,75,32.21,broken clouds
163,Santa Fe,AR,-31.6333,-60.7,76.75,38,80,5.99,broken clouds
164,Zhezkazgan,KZ,47.8043,67.7144,21.97,96,99,14.99,overcast clouds
165,Camacha,PT,33.0833,-16.3333,59.76,77,40,11.5,scattered clouds
166,Tra Vinh,VN,9.9347,106.3453,77.45,80,58,10.85,broken clouds
167,Nichinan,JP,31.6,131.3667,55.08,97,100,7.7,overcast clouds
168,Douentza,ML,14.9951,-2.9517,69.75,13,26,4.36,scattered clouds
169,Nakamura,JP,32.9833,132.9333,47.71,87,100,7.78,overcast clouds
170,Praia Da Vitoria,PT,38.7333,-27.0667,62.85,77,20,10.71,few clouds
171,Vestmannaeyjar,IS,63.4427,-20.2734,28.76,77,25,3.33,scattered clouds
172,Sao Felix Do Xingu,BR,-6.6447,-51.995,72.14,96,93,1.79,light rain
173,Santa Rosa,PH,14.3122,121.1114,79.11,86,95,8.7,overcast clouds
174,San Patricio,US,28.017,-97.5169,62.69,61,100,25.68,overcast clouds
175,Pevek,RU,69.7008,170.3133,-22.38,98,100,8.93,overcast clouds
176,Bonavista,CA,48.6499,-53.1147,43.12,86,99,23.09,overcast clouds
177,Saskylakh,RU,71.9167,114.0833,-3.55,77,58,9.89,broken clouds
178,General Roca,AR,-39.0333,-67.5833,84.6,11,47,11.32,scattered clouds
179,Mildura,AU,-34.2,142.15,80.08,42,65,23.06,broken clouds
180,Tura,IN,25.5198,90.2201,53.96,76,0,4.25,clear sky
181,Hualmay,PE,-11.0964,-77.6139,73.9,72,45,9.46,scattered clouds
182,Lerwick,GB,60.1545,-1.1494,44.6,89,98,25.14,overcast clouds
183,Naliya,IN,23.2667,68.8333,64.6,68,0,6.38,clear sky
184,Bengkulu,ID,-3.8004,102.2655,75.24,84,95,3.78,light rain
185,Luderitz,NA,-26.6481,15.1594,73.67,68,5,7.45,clear sky
186,Ballina,AU,-28.8667,153.5667,71.78,85,97,12.73,overcast clouds
187,Kununurra,AU,-15.7667,128.7333,78.78,94,43,3.44,scattered clouds
188,Talaya,RU,61.3833,152.75,-40.36,100,95,1.61,overcast clouds
189,Stupino,RU,54.9008,38.0708,26.35,93,42,12.55,scattered clouds
190,Liuzhou,CN,24.3126,109.3892,45.82,88,100,7.67,light rain
191,Alice Springs,AU,-23.7,133.8833,63.95,68,0,4.61,clear sky
192,Simao Dias,BR,-10.7383,-37.8111,77.22,77,66,9.84,broken clouds
193,Akureyri,IS,65.6835,-18.0878,21.13,79,100,6.91,overcast clouds
194,Amealco,MX,20.1833,-100.15,57.27,23,72,11.52,broken clouds
195,Awbari,LY,26.5921,12.7805,52.81,29,0,8.84,clear sky
196,Sur,OM,22.5667,59.5289,68.58,62,0,9.48,clear sky
197,Khulo,GE,41.644,42.3129,31.93,71,2,0.78,clear sky
198,Muyezerskiy,RU,63.9333,31.65,2.55,100,99,4.18,overcast clouds
199,Price,US,39.5994,-110.8107,48.42,28,0,0.0,clear sky
200,Half Moon Bay,US,37.4636,-122.4286,82.9,42,40,0.0,scattered clouds
201,Bardiyah,LY,31.7561,25.0865,55.6,67,0,6.78,clear sky
202,Magdagachi,RU,53.45,125.8,-11.63,91,95,3.91,overcast clouds
203,Pangkalanbuun,ID,-2.6833,111.6167,73.45,92,100,1.95,overcast clouds
204,Vanimo,PG,-2.6741,141.3028,77.56,87,99,4.61,overcast clouds
205,Hasaki,JP,35.7333,140.8333,28.8,61,38,3.91,scattered clouds
206,Gornopravdinsk,RU,60.05,69.9,1.49,94,100,7.29,overcast clouds
207,Eureka,US,40.8021,-124.1637,69.19,68,0,8.01,clear sky
208,Uruzgan,AF,32.8333,66.0,39.2,42,50,7.09,scattered clouds
209,Grindavik,IS,63.8424,-22.4338,21.67,79,0,5.75,clear sky
210,Coihaique,CL,-45.5752,-72.0662,84.81,47,33,5.01,scattered clouds
211,Coquimbo,CL,-29.9533,-71.3436,69.53,68,20,9.22,few clouds
212,Alekseyevka,RU,50.6309,38.6903,19.81,92,57,9.37,broken clouds
213,Sumenep,ID,-7.0167,113.8667,75.74,90,100,5.44,overcast clouds
214,Bay Roberts,CA,47.5999,-53.2648,47.52,84,85,8.01,overcast clouds
215,Central Point,US,42.376,-122.9164,72.9,30,0,5.99,clear sky
216,Dickinson,US,29.4608,-95.0513,50.99,76,100,32.21,overcast clouds
217,Finschhafen,PG,-6.6024,147.8681,80.56,79,99,2.57,overcast clouds
218,Kenora,CA,49.8167,-94.4337,-6.23,47,75,4.61,broken clouds
219,Majene,ID,-3.5403,118.9707,75.7,82,100,5.08,light rain
220,North Vanlaiphai,IN,23.1333,93.0667,36.09,72,10,3.4,clear sky
221,Impfondo,CG,1.6381,18.0667,76.84,31,14,2.82,few clouds
222,Berekum,GH,7.4534,-2.584,79.61,57,80,4.29,broken clouds
223,Camposampiero,IT,45.5684,11.9354,40.95,67,0,5.75,clear sky
224,Ukiah,US,39.1502,-123.2078,79.97,24,0,0.0,clear sky
225,Sanmenxia,CN,34.7747,111.1814,35.6,75,8,7.54,clear sky
226,Qui Nhon,VN,13.7667,109.2333,73.74,90,97,7.76,overcast clouds
227,Mahebourg,MU,-20.4081,57.7,80.89,83,75,5.75,light intensity shower rain
228,Diamantino,BR,-14.4086,-56.4461,76.28,91,99,2.01,heavy intensity rain
229,Arua,UG,3.0201,30.9111,77.61,29,98,2.95,overcast clouds
230,Nizhniy Kuranakh,RU,58.8353,125.4869,-33.9,99,90,1.61,overcast clouds
231,Barcelos,PT,41.5388,-8.6151,50.85,92,29,1.03,scattered clouds
232,Camacupa,AO,-12.0167,17.4833,61.18,93,93,2.39,light rain
233,Thompson,CA,55.7435,-97.8558,-3.84,50,0,9.22,clear sky
234,Tessalit,ML,20.1986,1.0114,66.65,14,0,6.35,clear sky
235,Bowmore,US,34.9421,-79.3031,67.26,37,0,9.22,clear sky
236,Sisimiut,GL,66.9395,-53.6735,10.9,80,100,25.08,overcast clouds
237,Chotepe,HN,15.4167,-87.9833,85.77,70,20,13.8,few clouds
238,Ketchikan,US,55.3422,-131.6461,40.98,94,100,4.07,overcast clouds
239,Cherskiy,RU,68.75,161.3,-20.0,98,100,9.98,overcast clouds
240,Kahului,US,20.8947,-156.47,82.42,61,40,17.27,scattered clouds
241,Noblesville,US,40.0456,-86.0086,24.98,77,100,5.01,overcast clouds
242,Azua,DO,18.4532,-70.7349,81.39,63,8,12.19,clear sky
243,Saravan,AM,39.7196,45.6483,21.85,58,2,6.44,clear sky
244,Zheleznodorozhnyy,RU,55.7503,38.0042,27.12,91,62,10.47,broken clouds
245,Lompoc,US,34.6391,-120.4579,87.01,22,0,13.8,clear sky
246,Mundo Nuevo,MX,18.7,-95.5,73.96,86,97,12.59,overcast clouds
247,Zhigansk,RU,66.7697,123.3711,-34.04,100,74,4.0,broken clouds
248,Namibe,AO,-15.1961,12.1522,75.18,82,90,6.46,overcast clouds
249,Gangapur,IN,26.4833,76.7167,55.72,38,0,5.19,clear sky
250,Chumikan,RU,54.7183,135.315,3.79,88,100,3.04,overcast clouds
251,Udachnyy,RU,66.4167,112.4,-18.62,100,85,2.86,overcast clouds
252,Thanh Hoa,VN,19.8,105.7667,65.37,96,100,5.77,overcast clouds
253,Nuuk,GL,64.1835,-51.7216,16.41,86,100,3.44,light snow
254,Acapulco,MX,16.8634,-99.8901,85.82,51,75,9.22,broken clouds
255,Shahrud,IR,36.4182,54.9763,36.16,67,1,4.03,clear sky
256,Sijunjung,ID,-0.6876,100.9537,70.45,98,77,1.45,broken clouds
257,Jacmel,HT,18.2342,-72.5347,89.44,61,18,8.37,few clouds
258,Axim,GH,4.8699,-2.2405,79.16,86,59,5.55,broken clouds
259,Bilma,NE,18.6853,12.9164,63.77,16,0,8.03,clear sky
260,Yulara,AU,-25.2406,130.9889,71.44,43,0,6.91,clear sky
261,Benguela,AO,-12.5763,13.4055,76.5,71,87,3.83,overcast clouds
262,Bathsheba,BB,13.2167,-59.5167,79.41,69,40,16.11,scattered clouds
263,Zverinogolovskoye,RU,54.4586,64.8542,3.0,99,100,1.81,overcast clouds
264,Ulladulla,AU,-35.35,150.4667,67.08,76,33,2.35,scattered clouds
265,Severnyy,RU,50.677,36.5532,23.04,80,0,11.18,clear sky
266,Nipawin,CA,53.3668,-104.0009,-3.96,77,0,9.22,clear sky
267,Laguna,US,38.421,-121.4238,79.3,40,0,1.99,clear sky
268,Sola,VU,-13.8833,167.55,78.06,85,99,15.7,overcast clouds
269,Encrucijada,CU,22.6169,-79.8711,81.16,74,75,11.5,broken clouds
270,Rzhev,RU,56.2624,34.3282,28.47,90,96,14.5,overcast clouds
271,Nyandoma,RU,61.669,40.1991,18.39,96,100,6.02,light snow
272,Sabang,ID,5.8933,95.3214,82.2,73,40,16.71,scattered clouds
273,Faya,SA,18.3851,42.4509,57.72,64,3,6.51,clear sky
274,San-Pedro,CI,4.7485,-6.6363,78.28,88,34,6.49,scattered clouds
275,Belmonte,BR,-15.8631,-38.8828,81.1,79,34,6.49,scattered clouds
276,Husavik,IS,66.0449,-17.3389,21.11,85,96,7.74,overcast clouds
277,Wamba,NG,8.9333,8.6,76.24,14,43,4.25,scattered clouds
278,Vangaindrano,MG,-23.35,47.6,73.92,86,59,6.85,broken clouds
279,Cabo San Lucas,MX,22.8909,-109.9124,85.3,35,20,10.36,few clouds
280,Liverpool,GB,53.4106,-2.9779,49.82,91,75,10.36,broken clouds
281,Muros,ES,42.7762,-9.0603,50.5,94,8,7.45,clear sky
282,Serebryansk,KZ,49.6925,83.2892,17.15,96,100,5.95,light snow
283,Miandrivazo,MG,-19.5167,45.4667,79.48,85,67,3.51,broken clouds
284,Kysyl-Syr,RU,63.8986,122.7617,-26.27,100,100,2.17,overcast clouds
285,Raudeberg,NO,61.9875,5.1352,40.87,93,100,8.01,light rain
286,Necochea,AR,-38.5473,-58.7368,67.03,52,1,6.6,clear sky
287,El Campo,US,29.1966,-96.2697,50.83,66,75,29.93,broken clouds
288,Kondinskoye,RU,59.6481,67.41,3.78,96,100,5.91,overcast clouds
289,Ifanadiana,MG,-21.3,47.6333,66.36,96,47,3.24,scattered clouds
290,Sitka,US,57.0531,-135.33,42.69,81,75,5.75,broken clouds
291,Dingle,PH,10.9995,122.6711,73.89,94,50,7.25,scattered clouds
292,Esperance,AU,-33.8667,121.9,63.61,61,88,9.24,overcast clouds
293,Waipawa,NZ,-41.4122,175.5153,50.63,95,100,27.76,light rain
294,Urucara,BR,-2.5364,-57.76,76.5,95,100,3.18,overcast clouds
295,Mastic Beach,US,40.7668,-72.8521,55.65,49,0,11.5,clear sky
296,Yerbogachen,RU,61.2767,108.0108,-22.95,100,97,1.72,overcast clouds
297,Lavrentiya,RU,65.5833,-171.0,-14.03,92,12,7.45,few clouds
298,Ovalle,CL,-30.5983,-71.2003,78.3,41,0,8.93,clear sky
299,Kuminskiy,RU,58.6667,66.5667,-0.94,100,100,2.68,overcast clouds
300,Sao Filipe,CV,14.8961,-24.4956,77.43,46,63,20.8,broken clouds
301,Roswell,US,34.0232,-84.3616,69.58,46,75,8.05,broken clouds
302,Ishigaki,JP,24.3448,124.1572,66.33,100,75,13.8,broken clouds
303,Dedougou,BF,12.4667,-3.4667,76.93,11,26,7.07,scattered clouds
304,Bogo,PH,11.0517,124.0055,75.87,89,38,5.08,scattered clouds
305,Walvis Bay,NA,-22.9575,14.5053,71.1,83,92,1.14,light rain
306,Dawlatabad,AF,36.4141,64.9053,43.16,53,99,3.06,overcast clouds
307,Formosa,AR,-26.1775,-58.1781,71.58,68,100,21.85,overcast clouds
308,Ponnani,IN,10.767,75.9252,76.32,85,13,5.66,few clouds
309,Bandar-E Anzali,IR,37.4727,49.4622,41.11,85,0,5.37,clear sky
310,Soe,ID,-9.8607,124.284,65.21,94,96,2.84,overcast clouds
311,Kyren,RU,51.6828,102.1408,-14.55,89,88,1.36,overcast clouds
312,Port Elizabeth,ZA,-33.918,25.5701,70.09,94,100,19.57,drizzle
313,Hay River,CA,60.8156,-115.7999,-4.02,77,100,9.22,overcast clouds
314,Kalach-Na-Donu,RU,48.691,43.5264,31.32,92,99,14.99,overcast clouds
315,Buta,CD,2.7858,24.73,72.9,46,100,1.05,overcast clouds
316,Mazara Del Vallo,IT,37.6641,12.588,52.54,70,97,3.58,overcast clouds
317,Ciudad Real,ES,39.0,-4.0,51.12,79,52,3.98,broken clouds
318,Srednekolymsk,RU,67.45,153.6833,-31.68,98,93,7.29,overcast clouds
319,Mandalgovi,MN,45.7625,106.2708,-8.9,83,12,6.6,few clouds
320,Polovinnoye,RU,54.7914,65.9864,-2.88,99,100,1.99,overcast clouds
321,Xining,CN,36.6167,101.7667,10.31,70,91,3.49,overcast clouds
322,Yalutorovsk,RU,56.6536,66.3006,-5.49,100,100,1.59,overcast clouds
323,Los Llanos De Aridane,ES,28.6585,-17.9182,62.35,80,75,13.8,broken clouds
324,Flagstaff,US,35.1981,-111.6513,58.89,15,0,5.75,clear sky
325,Garmsar,IR,35.2182,52.3409,46.51,60,4,5.32,clear sky
326,Shelburne,CA,44.0787,-80.2041,13.89,79,100,8.52,overcast clouds
327,Umm Kaddadah,SD,13.6017,26.6876,60.37,19,3,11.61,clear sky
328,Qaanaaq,GL,77.484,-69.3632,-19.93,47,0,8.59,clear sky
329,Ranibennur,IN,14.6167,75.6167,68.11,47,4,5.01,clear sky
330,Pangnirtung,CA,66.1451,-65.7125,-15.21,100,100,5.73,overcast clouds
331,Dongkan,CN,33.9997,119.8308,37.9,89,88,4.25,light rain
332,Itarema,BR,-2.9248,-39.9167,79.75,78,97,9.98,overcast clouds
333,Charters Towers,AU,-20.1,146.2667,75.54,68,0,12.91,clear sky
334,Lakes Entrance,AU,-37.8811,147.981,68.16,65,2,6.22,clear sky
335,Khandyga,RU,62.6667,135.6,-41.58,100,99,2.19,overcast clouds
336,Sydney,AU,-33.8679,151.2073,73.35,82,75,4.61,broken clouds
337,Alyangula,AU,-13.8483,136.4192,83.73,67,34,8.28,scattered clouds
338,Itajai,BR,-26.9078,-48.6619,79.29,73,40,11.5,scattered clouds
339,Chabahar,IR,25.2919,60.643,69.8,68,0,9.35,clear sky
340,Turayf,SA,31.6725,38.6637,41.25,65,0,4.61,clear sky
341,Yanam,IN,16.7333,82.2167,71.11,88,70,3.6,broken clouds
342,Lagoa,PT,39.05,-27.9833,60.46,89,100,23.71,overcast clouds
343,Hervey Bay,AU,-25.2986,152.8535,77.04,58,34,20.15,scattered clouds
344,Shimoda,JP,34.6667,138.95,44.1,77,97,3.42,overcast clouds
345,Pandan,PH,14.0453,124.1694,76.44,91,100,13.91,light rain
346,Airai,TL,-8.9266,125.4092,58.71,92,85,2.39,overcast clouds
347,Koraput,IN,18.8167,82.7167,55.83,85,97,3.33,overcast clouds
348,Prince George,CA,53.9166,-122.753,43.25,46,20,14.97,few clouds
349,Manadhoo,MV,5.7667,73.3833,80.78,75,100,5.12,overcast clouds
350,Huangmei,CN,30.1924,116.025,41.92,94,100,1.12,light rain
351,Grootfontein,NA,-19.5667,18.1167,65.77,94,96,1.14,overcast clouds
352,Salta,AR,-24.7859,-65.4117,64.69,80,100,11.5,overcast clouds
353,Christchurch,NZ,-43.5333,172.6333,52.0,91,100,8.05,light rain
354,Vila,PT,42.0304,-8.1588,40.33,91,61,2.89,broken clouds
355,Dunedin,NZ,-45.8742,170.5036,50.81,83,100,8.99,light rain
356,Port Moresby,PG,-9.4431,147.1797,78.22,83,20,5.75,few clouds
357,Japura,ID,-0.3167,102.35,72.27,97,97,1.72,overcast clouds
358,Carbondale,US,37.7273,-89.2168,29.98,61,75,9.22,broken clouds
359,Palmer,US,42.1584,-72.3287,52.48,47,75,14.97,broken clouds
360,Okato,NZ,-39.2,173.8833,61.92,81,100,33.17,light rain
361,Huarmey,PE,-10.0681,-78.1522,74.7,73,31,9.64,scattered clouds
362,Darhan,MN,49.4867,105.9228,-19.48,100,99,1.23,overcast clouds
363,Olafsvik,IS,64.8945,-23.7142,26.53,71,31,18.25,scattered clouds
364,Asau,RO,46.4333,26.4,29.75,93,70,2.68,broken clouds
365,Tupancireta,BR,-29.0806,-53.8358,70.52,86,99,2.59,overcast clouds
366,Goderich,CA,43.7501,-81.7165,15.91,79,100,5.75,overcast clouds
367,Ancud,CL,-41.8697,-73.8203,77.23,69,67,3.33,broken clouds
368,Oskarshamn,SE,57.2645,16.4484,35.8,71,100,16.02,overcast clouds
369,Estrella,PH,15.75,121.0333,70.83,86,99,5.41,overcast clouds
370,Ormara,PK,25.2088,64.6357,69.62,66,0,12.66,clear sky
371,Natal,BR,-5.795,-35.2094,83.05,83,40,10.36,scattered clouds
372,Beringovskiy,RU,63.05,179.3167,-23.58,94,10,6.8,clear sky
373,Mount Isa,AU,-20.7333,139.5,78.57,73,40,1.14,scattered clouds
374,Hami,CN,42.8,93.45,26.96,55,78,2.86,broken clouds
375,Champerico,GT,14.3,-91.9167,93.74,53,1,11.88,clear sky
376,Puerto Quijarro,BO,-17.7833,-57.7667,85.21,67,75,2.24,broken clouds
377,Qaqortoq,GL,60.7167,-46.0333,30.7,97,100,9.98,snow
378,Hoi An,VN,15.8794,108.335,75.16,90,94,6.67,overcast clouds
379,Saint Anthony,US,45.0205,-93.218,6.66,58,100,8.05,overcast clouds
380,Touros,BR,-5.1989,-35.4608,83.3,78,28,8.14,scattered clouds
381,Binga,ZW,-17.6203,27.3414,71.19,83,86,1.48,overcast clouds
382,Koumac,NC,-20.5667,164.2833,82.63,70,100,2.95,overcast clouds
383,Gbadolite,CD,4.2833,21.0167,77.09,30,98,1.59,overcast clouds
384,Nuevitas,CU,21.5453,-77.2644,87.24,74,19,11.5,few clouds
385,Belaya Gora,RU,68.5333,146.4167,-17.93,89,100,6.2,overcast clouds
386,Oyama,JP,36.3,139.8,39.58,57,7,3.78,clear sky
387,Gazanjyk,TM,39.2446,55.5154,44.06,63,0,4.59,clear sky
388,Foumban,CM,5.7291,10.9001,68.5,22,37,4.63,scattered clouds
389,Moron,AR,-34.6534,-58.6198,70.97,56,13,7.58,few clouds
390,Hobyo,SO,5.3505,48.5268,76.84,70,95,14.23,overcast clouds
391,Aberdeen,GB,57.1437,-2.0981,46.49,81,79,13.8,broken clouds
392,Manta,EC,-0.95,-80.7333,80.38,74,75,5.75,broken clouds
393,Datong,CN,40.0936,113.2914,19.71,90,100,5.88,light snow
394,General Pico,AR,-35.6566,-63.7568,68.67,41,0,7.43,clear sky
395,Husyatyn,UA,49.0726,26.2141,28.51,79,10,0.87,clear sky
396,Sabzevar,IR,36.2126,57.6819,39.27,79,6,6.85,clear sky
397,Joshimath,IN,30.5667,79.5667,37.2,36,0,8.95,clear sky
398,Inhambane,MZ,-23.865,35.3833,74.7,75,4,9.06,clear sky
399,Port Blair,IN,11.6667,92.75,75.11,74,11,12.17,few clouds
400,Narsaq,GL,60.9167,-46.05,30.42,98,100,4.92,snow
401,Baykit,RU,61.67,96.37,-15.81,100,36,2.48,scattered clouds
402,Arman,RU,59.7,150.1667,-8.86,81,100,7.25,overcast clouds
403,Rovaniemi,FI,66.5,25.7167,-0.99,84,75,3.44,broken clouds
404,Badami,IN,15.915,75.6768,71.4,41,28,6.02,scattered clouds
405,Bonthe,SL,7.5264,-12.505,77.67,86,8,9.78,clear sky
406,Kaliua,TZ,-5.0606,31.7936,66.72,93,100,2.13,overcast clouds
407,Eirunepe,BR,-6.6603,-69.8736,81.63,83,87,1.7,overcast clouds
408,Stolin,BY,51.8912,26.846,28.33,78,32,6.91,scattered clouds
409,Singapore,SG,1.2897,103.8501,77.14,90,75,4.61,broken clouds
410,Jalu,LY,29.0331,21.5482,55.0,44,0,5.03,clear sky
411,Kerema,PG,-7.9631,145.7785,78.6,70,10,2.15,clear sky
412,Solnechnyy,RU,50.7214,136.6319,10.2,94,100,7.0,overcast clouds
413,Vieques,PR,18.425,-65.8329,76.89,88,75,23.02,broken clouds
414,Muli,MV,2.9167,73.5667,80.78,74,100,5.46,overcast clouds
415,Barquisimeto,VE,10.0739,-69.3228,81.23,61,75,9.22,broken clouds
416,Sokoto,NG,13.0609,5.239,71.47,12,15,10.07,few clouds
417,Leningradskiy,RU,69.3833,178.4167,-18.33,96,96,4.07,overcast clouds
418,Lucapa,AO,-8.4192,20.7447,64.87,93,100,0.45,overcast clouds
419,Deputatskiy,RU,69.3,139.9,-9.27,95,100,5.88,overcast clouds
420,Bosaso,SO,11.2842,49.1816,74.97,71,81,4.23,broken clouds
421,Kourou,GF,5.1552,-52.6478,77.11,92,75,8.41,broken clouds
422,Anadyr,RU,64.75,177.4833,-23.3,76,0,15.66,clear sky
423,Alice Town,BS,25.7167,-79.3,75.99,76,0,5.68,clear sky
424,Yining,CN,29.0361,114.5636,40.68,93,100,3.09,light rain
425,Fredericton,CA,45.9454,-66.6656,44.37,78,75,6.91,broken clouds
426,Marawi,PH,7.9986,124.2928,62.65,87,100,2.62,overcast clouds
427,Luang Prabang,LA,19.8856,102.1347,65.05,97,63,1.12,broken clouds
428,Davila,PH,18.4726,120.5763,71.58,75,98,4.36,overcast clouds
429,Suhbaatar,MN,50.2314,106.2078,-24.52,100,98,0.72,overcast clouds
430,Kautokeino,NO,69.0125,23.0412,-13.85,97,43,1.99,scattered clouds
431,Waggaman,US,29.9185,-90.2109,71.01,48,75,6.91,broken clouds
432,Ust-Kuyga,RU,70.0167,135.6,-17.64,97,99,8.48,overcast clouds
433,Gamba,GA,-2.65,10.0,77.7,91,100,5.1,light rain
434,Englehart,CA,47.8169,-79.8664,-5.78,59,0,6.91,clear sky
435,Petropavlovsk-Kamchatskiy,RU,53.0452,158.6483,1.99,72,75,4.47,broken clouds
436,Visnes,NO,59.3556,5.2242,44.65,93,100,28.77,overcast clouds
437,Margate,GB,51.3813,1.3862,44.31,73,100,20.74,overcast clouds
438,Tuatapere,NZ,-46.1333,167.6833,50.83,75,100,7.09,overcast clouds
439,Vao,NC,-22.6667,167.4833,79.97,80,99,4.25,overcast clouds
440,Kolokani,ML,13.5728,-8.0339,70.03,12,5,9.69,clear sky
441,Colac,AU,-38.3333,143.5833,77.02,46,93,11.83,overcast clouds
442,Grand Gaube,MU,-20.0064,57.6608,81.0,87,9,4.0,clear sky
443,Xinyang,CN,32.1228,114.0656,39.0,88,100,2.21,overcast clouds
444,Pembroke,CA,45.8168,-77.1162,6.19,70,100,8.43,overcast clouds
445,Front Royal,US,38.9182,-78.1944,56.23,40,100,5.75,overcast clouds
446,Manokwari,ID,-0.8667,134.0833,78.31,75,95,4.88,overcast clouds
447,Askino,RU,56.0901,56.5783,23.81,96,100,7.16,light snow
448,Isangel,VU,-19.55,169.2667,86.11,89,75,0.0,broken clouds
449,Domna,RU,51.8971,113.1573,-29.04,68,20,0.0,few clouds
450,Ndele,CF,8.4109,20.6473,75.36,18,62,5.61,broken clouds
451,Teguise,ES,29.0605,-13.564,61.02,77,20,5.75,few clouds
452,Mporokoso,ZM,-9.3727,30.125,61.95,96,100,2.77,overcast clouds
453,Sorland,NO,67.667,12.6934,32.56,84,100,20.38,light snow
454,Teknaf,BD,20.8624,92.3058,59.13,61,99,12.06,overcast clouds
455,Madang,PG,-5.2246,145.7966,77.22,89,80,4.92,broken clouds
456,Sooke,CA,48.3746,-123.7276,54.57,57,4,18.41,clear sky
457,Luau,AO,-10.7073,22.2247,63.43,92,64,2.24,broken clouds
458,Karasjok,NO,69.4719,25.5112,5.11,97,12,4.18,few clouds
459,Naze,JP,28.3667,129.4833,63.52,89,99,7.83,overcast clouds
460,Salinopolis,BR,-0.6136,-47.3561,78.91,86,40,8.25,scattered clouds
461,Marzuq,YE,14.4,46.4667,62.85,62,24,1.68,few clouds
462,Mackay,AU,-21.15,149.2,81.68,73,40,20.71,light rain
463,Xam Nua,LA,20.4197,104.0439,60.64,99,100,2.53,overcast clouds
464,San Quintin,MX,30.4833,-115.95,74.48,30,81,9.17,broken clouds
465,Komagane,JP,35.7296,137.9396,28.18,71,78,1.74,broken clouds
466,Sobolevo,RU,54.4299,31.8996,24.96,87,42,13.69,scattered clouds
467,Inuvik,CA,68.3499,-133.7218,-17.64,76,75,3.44,broken clouds
468,Krasnoturansk,RU,54.3186,91.5639,-31.04,100,36,1.88,scattered clouds
469,Sambava,MG,-14.2667,50.1667,76.41,87,93,7.36,overcast clouds
470,Te Anau,NZ,-45.4167,167.7167,48.02,85,96,4.63,overcast clouds
471,Kindu,CD,-2.95,25.95,70.18,94,100,2.53,overcast clouds
472,Sochi,RU,43.6,39.7303,41.09,69,73,3.02,broken clouds
473,Matadi,CD,-5.8167,13.45,78.39,78,83,3.91,light rain
474,Surt,LY,31.2089,16.5887,57.15,62,0,8.68,clear sky
475,Saint-Denis,FR,48.9167,2.3333,39.11,70,0,9.22,clear sky
476,Chernyshevskiy,RU,63.0128,112.4714,-14.55,100,99,1.03,overcast clouds
477,Yambio,SS,4.5721,28.3955,76.24,29,36,4.88,scattered clouds
478,Yaan,NG,7.3833,8.5667,83.43,12,51,2.1,broken clouds
479,Roma,US,43.2128,-75.4557,30.72,74,100,14.0,overcast clouds
480,Merta,IN,26.65,74.0333,57.97,29,0,2.95,clear sky
481,Garden Grove,US,33.7739,-117.9415,91.74,17,40,8.05,scattered clouds
482,Zvishavane,ZW,-20.3267,30.0665,65.88,54,5,2.91,clear sky
483,Najran,SA,17.4924,44.1277,65.05,37,5,2.66,clear sky
484,Pitimbu,BR,-7.4706,-34.8086,82.99,75,23,9.98,few clouds
485,Mahajanga,MG,-15.7167,46.3167,78.82,94,20,1.14,few clouds
486,Barreirinhas,BR,-2.7469,-42.8264,78.96,81,25,7.74,scattered clouds
487,Kosa,RU,59.9445,54.9977,13.48,98,97,4.07,overcast clouds
488,Hofn,IS,64.2539,-15.2082,23.67,68,98,19.35,overcast clouds
489,Fountain Hills,US,33.6117,-111.7174,82.69,8,0,11.5,clear sky
490,Santa Branca,BR,-23.3967,-45.8839,72.66,73,75,11.5,broken clouds
491,Plouzane,FR,48.3833,-4.6167,48.29,84,75,17.27,broken clouds
492,Jaciara,BR,-15.9653,-54.9683,76.8,90,63,2.48,moderate rain
493,Iskandar,UZ,41.5539,69.7008,34.65,85,95,3.53,overcast clouds
494,Mayumba,GA,-3.432,10.6554,78.22,91,100,3.33,light rain
495,Santarem,BR,-2.4431,-54.7083,78.93,100,40,1.14,scattered clouds
496,Xingcheng,CN,40.6167,120.7167,14.2,76,79,9.24,broken clouds
497,Vanavara,RU,60.34,102.2797,-16.28,100,96,3.0,overcast clouds
498,Kushmurun,KZ,52.4503,64.6311,23.2,96,100,9.73,snow
499,Zyryanka,RU,65.75,150.85,-31.29,95,11,8.08,few clouds
500,Edgewater,US,28.9889,-80.9023,82.78,78,20,9.22,few clouds
501,Kachug,RU,53.9606,105.8817,-33.16,100,90,0.87,overcast clouds
502,Yatou,CN,37.15,122.3833,36.05,55,100,8.81,overcast clouds
503,Prescott,US,34.54,-112.4685,65.89,9,0,3.0,clear sky
504,Sirnak,TR,37.5228,42.4594,32.72,50,1,6.38,clear sky
505,Bac Lieu,VN,9.285,105.7244,77.76,84,82,14.23,broken clouds
506,Gold Coast,AU,-28.0,153.4333,78.01,75,40,11.5,scattered clouds
507,Boca Do Acre,BR,-8.7522,-67.3978,83.79,72,82,2.51,broken clouds
508,Kirakira,SB,-10.4544,161.9205,81.19,78,98,4.12,overcast clouds
509,Calvia,ES,39.5657,2.5062,52.92,84,8,4.9,clear sky
510,Seymchan,RU,62.8833,152.4333,-44.54,100,81,0.47,broken clouds
511,Belyy Yar,RU,53.6039,91.3903,-30.14,54,90,0.0,smoke
512,Megion,RU,61.0296,76.1136,-6.99,97,15,11.83,few clouds
513,Kota Kinabalu,MY,5.9749,116.0724,73.38,100,20,2.3,few clouds
514,Miracema Do Tocantins,BR,-9.5618,-48.3967,75.96,92,95,2.93,overcast clouds
515,Jaisalmer,IN,26.9147,70.9181,64.6,19,0,9.4,clear sky
516,Tual,ID,-5.6667,132.75,82.78,71,20,4.72,few clouds
517,White Rock,CA,49.0164,-122.8026,58.59,80,3,7.0,clear sky
518,Sao Miguel Do Tapuio,BR,-5.5036,-41.3233,76.1,72,100,0.29,overcast clouds
519,Kozyatyn,UA,49.7143,28.8339,27.9,82,6,4.72,clear sky
520,Mwanza,TZ,-2.5167,32.9,68.85,80,100,5.7,overcast clouds
521,Tautira,PF,-17.7333,-149.15,87.82,72,93,14.18,light rain
522,Shediac,CA,46.2198,-64.5411,47.03,81,75,9.22,broken clouds
523,Aswan,EG,24.0934,32.907,57.52,48,0,9.6,clear sky
524,Imeni Poliny Osipenko,RU,52.4201,136.4853,10.78,94,100,13.91,light snow
525,Elat,IL,29.5581,34.9482,53.44,62,0,6.91,clear sky
526,Miramar,US,25.9873,-80.2323,80.62,74,0,12.66,clear sky
527,Ayan,RU,56.45,138.1667,-7.08,80,50,6.71,scattered clouds
528,Chifeng,CN,42.2683,118.9636,9.25,77,77,3.91,broken clouds
529,Boyolangu,ID,-8.1181,111.8935,74.26,92,100,6.73,moderate rain
530,Tarragona,ES,41.129,1.249,55.35,81,75,1.14,light rain
531,Yamada,JP,39.4667,141.95,30.43,72,49,5.57,scattered clouds
532,College,US,64.8569,-147.8028,-0.71,74,75,0.0,broken clouds
533,Poso,ID,-1.3959,120.7524,75.04,90,100,2.8,overcast clouds
534,Vila Franca Do Campo,PT,37.7167,-25.4333,62.2,86,100,10.51,overcast clouds
535,Auxerre,FR,47.8,3.5667,29.62,69,67,6.98,broken clouds
536,Alofi,NU,-19.0595,-169.9187,85.89,70,45,14.97,scattered clouds
537,Namatanai,PG,-3.6667,152.4333,80.53,78,100,2.01,overcast clouds
538,Vitim,RU,59.4511,112.5578,-28.12,100,99,1.1,overcast clouds
539,New Richmond,US,45.123,-92.5366,6.48,47,75,5.75,broken clouds
540,Sistranda,NO,63.7256,8.834,37.9,71,100,13.78,overcast clouds
541,Gorno-Altaysk,RU,51.9561,85.955,-0.78,86,3,6.8,clear sky
542,Pundaguitan,PH,6.3711,126.1689,80.31,76,79,16.62,broken clouds
543,Uyuni,BO,-20.4597,-66.825,61.21,22,98,4.99,overcast clouds
544,Takoradi,GH,4.8845,-1.7554,79.45,84,74,5.73,broken clouds
545,Tlaxco,MX,19.6167,-98.1167,64.29,36,99,5.3,overcast clouds
546,Mnogovershinnyy,RU,53.9353,139.9242,0.77,99,100,2.75,overcast clouds
547,Yendi,GH,9.4427,-0.0099,86.36,31,16,3.4,few clouds
548,Aldan,RU,58.6031,125.3894,-30.53,98,87,3.29,overcast clouds
549,Urumqi,CN,43.801,87.6005,11.35,92,75,4.47,mist
550,Cerqueira Cesar,BR,-23.0356,-49.1661,70.84,75,1,7.29,clear sky
551,Saint-Brieuc,FR,48.4167,-2.8333,43.74,83,0,4.61,clear sky
552,Mugumu,TZ,-1.85,34.7,61.18,95,100,3.89,moderate rain
553,Ilulissat,GL,69.2167,-51.1,15.82,86,100,23.02,snow
554,Marsh Harbour,BS,26.5412,-77.0636,76.66,75,18,9.22,few clouds
555,Lavumisa,SZ,-27.31,31.892,68.05,92,0,2.73,clear sky
556,Peniche,PT,39.3558,-9.3811,54.63,90,21,10.67,few clouds
557,Pokhara,NP,28.2333,83.9833,49.93,53,0,4.29,clear sky
558,Kashi,CN,39.4547,75.9797,36.61,32,20,4.47,few clouds
559,Truro,GB,50.2653,-5.0544,51.08,100,75,19.57,broken clouds
560,Farafangana,MG,-22.8167,47.8333,75.65,84,91,8.21,light rain
561,Northam,GB,51.0333,-4.2167,50.41,96,100,20.76,light rain
562,Arlit,NE,18.7369,7.3853,68.04,14,0,7.36,clear sky
563,Norden,DE,53.6,7.2,37.94,69,99,22.55,overcast clouds
564,Saint-Joseph,RE,-21.3667,55.6167,77.36,79,18,9.62,few clouds
565,Saint-Ambroise,CA,48.5501,-71.3324,7.34,93,100,12.57,light snow
566,Channel-Port Aux Basques,CA,47.5702,-59.1367,38.17,98,100,23.47,overcast clouds
567,Volksrust,ZA,-27.3654,29.8818,55.81,65,1,3.22,clear sky
568,Guntakal,IN,15.1667,77.3833,70.56,66,5,7.87,clear sky
569,Caernarfon,GB,53.1413,-4.2702,48.7,48,100,16.11,overcast clouds
570,Noumea,NC,-22.2763,166.4572,84.18,99,94,4.14,overcast clouds
571,Minna,NG,9.6139,6.5569,82.22,11,4,5.01,clear sky
572,Buala,SB,-8.145,159.5921,80.96,78,97,2.3,overcast clouds
573,Port Hedland,AU,-20.3167,118.5667,82.45,94,40,6.91,light rain
574,Loreto,MX,22.2667,-101.9667,65.16,9,15,4.92,few clouds
575,Hammerfest,NO,70.6634,23.6821,28.85,86,75,11.5,broken clouds
576,Lebedyn,UA,50.5852,34.4849,21.69,94,7,7.23,clear sky
577,Progreso,MX,21.2833,-89.6667,78.12,82,87,13.0,overcast clouds
578,Comodoro Rivadavia,AR,-45.8667,-67.5,85.86,23,0,10.36,clear sky
579,Guangyuan,CN,32.442,105.823,41.61,87,53,2.48,broken clouds
580,Oyonnax,FR,46.2592,5.6573,41.23,83,100,4.56,overcast clouds
581,Charleston,US,32.7766,-79.9309,66.36,57,40,9.22,scattered clouds
582,Hamilton,US,39.1834,-84.5333,30.72,76,100,9.22,overcast clouds
583,Waitati,NZ,-45.75,170.5667,50.81,84,100,7.05,overcast clouds
584,Portsmouth,GB,50.799,-1.0913,47.14,90,100,11.99,overcast clouds
585,Sharjah,AE,25.3573,55.4033,73.26,66,0,4.61,clear sky
586,Panama City,PA,8.9936,-79.5197,89.55,52,20,14.97,few clouds
587,Cochrane,CA,51.1834,-114.4687,50.27,29,0,13.8,clear sky
588,Barentu,ER,15.1139,37.5928,64.49,61,0,3.67,clear sky
589,Zemen,BG,42.4789,22.7492,41.74,80,100,3.53,overcast clouds
590,Praxedis Guerrero,MX,31.3667,-106.0167,53.15,36,2,9.73,clear sky
591,Barra Do Garcas,BR,-15.89,-52.2567,74.7,91,64,2.51,broken clouds
592,Saryozek,KZ,44.3583,77.9753,16.83,81,96,3.91,overcast clouds
593,Kuytun,RU,54.3419,101.5036,-32.35,100,72,2.55,broken clouds
594,Novyy Urengoy,RU,66.0833,76.6333,-9.9,96,39,14.32,scattered clouds
595,Minas,UY,-34.3759,-55.2377,62.53,89,100,15.08,overcast clouds
596,Talcahuano,CL,-36.7167,-73.1167,67.68,56,0,13.8,clear sky
597,Sindor,RU,62.8629,51.8905,15.04,97,96,4.25,overcast clouds
598,Tateyama,JP,34.9833,139.8667,43.11,60,71,2.46,light rain
599,Gasa,PS,31.5,34.4667,51.91,74,0,5.1,clear sky
600,Kucevo,RS,44.4775,21.67,30.92,79,86,13.04,overcast clouds
601,Lata,PT,40.1629,-8.3327,49.71,98,48,1.61,scattered clouds
602,Ankazobe,MG,-18.3167,47.1167,61.21,92,65,3.2,broken clouds
603,Barmer,IN,25.75,71.3833,61.72,22,0,4.09,clear sky
604,Sikeston,US,36.8767,-89.5879,37.4,33,100,10.45,overcast clouds
605,Tianpeng,CN,30.9866,103.9393,36.07,89,68,1.23,broken clouds
606,Kritsa,GR,35.1667,25.65,51.44,74,64,4.59,broken clouds
607,Talnakh,RU,69.4865,88.3972,-8.82,78,17,9.17,few clouds
608,Poya,NC,-21.35,165.15,85.19,69,90,2.84,overcast clouds
609,Hailar,CN,49.2,119.7,-29.54,100,100,3.53,overcast clouds
610,Oktyabrskiy,RU,54.4815,53.471,24.33,95,100,7.83,overcast clouds
611,Basoko,CD,1.2391,23.616,78.17,58,100,1.95,overcast clouds
612,Simacota,CO,6.4429,-73.3369,70.39,92,54,1.97,broken clouds
613,Novaya Malykla,RU,54.2,49.95,26.24,96,100,7.61,light snow
614,Bandarbeyla,SO,9.4942,50.8122,75.47,70,100,13.42,overcast clouds
615,North Las Vegas,US,36.1989,-115.1175,72.81,9,0,8.05,clear sky
616,Phulpur,IN,25.55,82.1,49.39,59,0,1.66,clear sky
617,Linxia,CN,35.6003,103.2064,10.08,67,2,5.1,clear sky
618,Tucuman,AR,-26.8241,-65.2226,73.4,64,20,4.61,few clouds
619,Bageshwar,IN,29.85,79.7667,43.74,59,0,2.53,clear sky
620,Sorong,ID,-0.8833,131.25,78.24,86,100,8.72,overcast clouds
621,Burnie,AU,-41.0667,145.9167,64.92,72,100,12.5,overcast clouds
622,Beboto,TD,8.2668,16.939,74.44,17,24,4.09,few clouds
623,Umm Lajj,SA,25.0213,37.2685,67.08,25,0,16.44,clear sky
624,Karlshamn,SE,56.1706,14.8619,36.09,77,100,16.4,overcast clouds
625,Tuy Hoa,VN,13.0833,109.3,73.8,92,81,4.7,broken clouds
626,Zyryanskoye,RU,56.8306,86.6258,-0.72,89,6,11.27,clear sky
627,Clyde River,CA,70.4692,-68.5914,-16.37,76,100,35.68,snow
628,Makurdi,NG,7.7411,8.5121,81.39,12,52,2.28,broken clouds
629,Clarence Town,AU,-32.5833,151.7833,72.86,62,100,3.13,overcast clouds
630,Fasa,IR,28.9383,53.6482,47.44,93,100,4.61,overcast clouds
631,Saint-Pierre,RE,-21.3393,55.4781,78.44,83,20,5.75,few clouds
632,Gobabis,NA,-22.45,18.9667,73.15,49,88,8.84,overcast clouds
633,Jacareacanga,BR,-6.2222,-57.7528,75.02,97,100,2.26,light rain
634,Maputo,MZ,-25.9653,32.5892,78.22,78,40,2.3,scattered clouds
635,Outjo,NA,-20.1167,16.15,65.73,90,100,5.41,moderate rain
636,Leogane,HT,18.5108,-72.6339,89.8,68,3,5.39,clear sky
637,Liberal,US,37.0431,-100.921,49.23,31,0,13.8,clear sky
638,Siavonga,ZM,-16.5382,28.7088,72.0,87,68,5.37,light rain
639,Sedona,US,34.8697,-111.761,69.06,11,0,4.61,clear sky
640,Reconquista,AR,-29.15,-59.65,70.61,60,100,7.78,overcast clouds
641,Pimentel,PE,-6.8367,-79.9342,77.29,57,0,17.27,clear sky
642,Taltal,CL,-25.4,-70.4833,69.39,76,22,7.14,few clouds
643,Primero De Enero,CU,21.9469,-78.4283,80.46,74,65,9.57,broken clouds
644,Arivonimamo,MG,-19.0167,47.1833,59.05,93,30,3.71,scattered clouds
645,Kuroiso,JP,36.9667,140.05,31.41,78,80,3.83,broken clouds
646,Luganville,VU,-15.5333,167.1667,77.9,91,100,6.15,overcast clouds
647,Labuhan,ID,-6.8844,112.2051,77.58,83,100,3.47,light rain
648,Beira,MZ,-19.8436,34.8389,82.49,69,40,10.36,scattered clouds
649,Cayenne,GF,4.9333,-52.3333,77.09,88,100,5.75,overcast clouds
650,Kutum,SD,14.2,24.6667,58.53,18,21,6.8,few clouds
651,Planeta Rica,CO,8.4147,-75.5883,88.84,69,29,10.85,scattered clouds
652,Calnic,RO,45.8833,23.6667,23.83,83,6,1.61,clear sky
653,San Andres,CO,12.5847,-81.7006,80.62,78,20,11.5,few clouds
654,Nuevo Progreso,MX,23.1667,-97.95,83.59,64,40,11.01,scattered clouds
655,Birao,CF,10.2849,22.7882,69.4,11,66,6.58,broken clouds
656,Soldotna,US,60.4878,-151.0583,31.95,94,100,3.44,mist
657,Warrnambool,AU,-38.3833,142.4833,76.8,44,90,16.4,overcast clouds
658,Imuris,MX,30.7833,-110.8667,74.52,15,0,11.21,clear sky
659,Helena,US,46.5927,-112.0361,48.25,40,0,6.91,clear sky
660,Pryozerne,UA,45.2698,36.3303,37.76,71,99,18.84,overcast clouds
661,Chiredzi,ZW,-21.05,31.6667,69.53,56,7,5.68,clear sky
662,El Tigre,VE,8.8875,-64.2454,80.15,49,68,10.69,broken clouds
663,Lamu,KE,-2.2717,40.902,77.22,85,80,9.69,broken clouds
664,Iracoubo,GF,5.4802,-53.2011,75.94,89,92,11.12,overcast clouds
665,Polson,US,47.6936,-114.1632,44.74,61,10,0.94,clear sky
666,Touho,NC,-20.7833,165.2333,81.97,73,79,1.99,broken clouds
667,Longuenesse,FR,50.734,2.2352,37.96,64,74,12.15,broken clouds
668,Fort-Shevchenko,KZ,44.5086,50.263,41.36,93,93,10.18,overcast clouds
669,Inirida,CO,3.8653,-67.9239,80.89,69,92,2.17,overcast clouds
670,Conceicao Do Araguaia,BR,-8.2578,-49.2647,73.8,95,91,3.98,light rain
671,Carutapera,BR,-1.195,-46.02,77.18,91,99,5.95,overcast clouds
672,Moussoro,TD,13.6408,16.4901,69.31,12,43,12.33,scattered clouds
673,Volot,RU,57.9278,30.7025,32.5,86,100,14.67,overcast clouds
674,Am Timan,TD,11.0297,20.2827,76.53,15,83,7.07,broken clouds
675,Rincon,US,32.296,-81.2354,66.65,42,75,3.44,broken clouds
676,Acari,PE,-15.4311,-74.6158,74.95,72,63,5.61,broken clouds
677,Havelock,US,34.8791,-76.9013,63.01,69,75,11.5,broken clouds
678,Kropotkin,RU,45.4375,40.5756,38.88,84,100,17.56,overcast clouds
679,Marsa Matruh,EG,31.3525,27.2453,50.2,81,20,3.44,few clouds
